observation_date,DPRIME
2016-02-05,3.50
2016-02-08,3.50
2016-02-09,3.50
2016-02-10,3.50
2016-02-11,3.50
2016-02-12,3.50
2016-02-15,
2016-02-16,3.50
2016-02-17,3.50
2016-02-18,3.50
2016-02-19,3.50
2016-02-22,3.50
2016-02-23,3.50
2016-02-24,3.50
2016-02-25,3.50
2016-02-26,3.50
2016-02-29,3.50
2016-03-01,3.50
2016-03-02,3.50
2016-03-03,3.50
2016-03-04,3.50
2016-03-07,3.50
2016-03-08,3.50
2016-03-09,3.50
2016-03-10,3.50
2016-03-11,3.50
2016-03-14,3.50
2016-03-15,3.50
2016-03-16,3.50
2016-03-17,3.50
2016-03-18,3.50
2016-03-21,3.50
2016-03-22,3.50
2016-03-23,3.50
2016-03-24,3.50
2016-03-25,3.50
2016-03-28,3.50
2016-03-29,3.50
2016-03-30,3.50
2016-03-31,3.50
2016-04-01,3.50
2016-04-04,3.50
2016-04-05,3.50
2016-04-06,3.50
2016-04-07,3.50
2016-04-08,3.50
2016-04-11,3.50
2016-04-12,3.50
2016-04-13,3.50
2016-04-14,3.50
2016-04-15,3.50
2016-04-18,3.50
2016-04-19,3.50
2016-04-20,3.50
2016-04-21,3.50
2016-04-22,3.50
2016-04-25,3.50
2016-04-26,3.50
2016-04-27,3.50
2016-04-28,3.50
2016-04-29,3.50
2016-05-02,3.50
2016-05-03,3.50
2016-05-04,3.50
2016-05-05,3.50
2016-05-06,3.50
2016-05-09,3.50
2016-05-10,3.50
2016-05-11,3.50
2016-05-12,3.50
2016-05-13,3.50
2016-05-16,3.50
2016-05-17,3.50
2016-05-18,3.50
2016-05-19,3.50
2016-05-20,3.50
2016-05-23,3.50
2016-05-24,3.50
2016-05-25,3.50
2016-05-26,3.50
2016-05-27,3.50
2016-05-30,
2016-05-31,3.50
2016-06-01,3.50
2016-06-02,3.50
2016-06-03,3.50
2016-06-06,3.50
2016-06-07,3.50
2016-06-08,3.50
2016-06-09,3.50
2016-06-10,3.50
2016-06-13,3.50
2016-06-14,3.50
2016-06-15,3.50
2016-06-16,3.50
2016-06-17,3.50
2016-06-20,3.50
2016-06-21,3.50
2016-06-22,3.50
2016-06-23,3.50
2016-06-24,3.50
2016-06-27,3.50
2016-06-28,3.50
2016-06-29,3.50
2016-06-30,3.50
2016-07-01,3.50
2016-07-04,
2016-07-05,3.50
2016-07-06,3.50
2016-07-07,3.50
2016-07-08,3.50
2016-07-11,3.50
2016-07-12,3.50
2016-07-13,3.50
2016-07-14,3.50
2016-07-15,3.50
2016-07-18,3.50
2016-07-19,3.50
2016-07-20,3.50
2016-07-21,3.50
2016-07-22,3.50
2016-07-25,3.50
2016-07-26,3.50
2016-07-27,3.50
2016-07-28,3.50
2016-07-29,3.50
2016-08-01,3.50
2016-08-02,3.50
2016-08-03,3.50
2016-08-04,3.50
2016-08-05,3.50
2016-08-08,3.50
2016-08-09,3.50
2016-08-10,3.50
2016-08-11,3.50
2016-08-12,3.50
2016-08-15,3.50
2016-08-16,3.50
2016-08-17,3.50
2016-08-18,3.50
2016-08-19,3.50
2016-08-22,3.50
2016-08-23,3.50
2016-08-24,3.50
2016-08-25,3.50
2016-08-26,3.50
2016-08-29,3.50
2016-08-30,3.50
2016-08-31,3.50
2016-09-01,3.50
2016-09-02,3.50
2016-09-05,
2016-09-06,3.50
2016-09-07,3.50
2016-09-08,3.50
2016-09-09,3.50
2016-09-12,3.50
2016-09-13,3.50
2016-09-14,3.50
2016-09-15,3.50
2016-09-16,3.50
2016-09-19,3.50
2016-09-20,3.50
2016-09-21,3.50
2016-09-22,3.50
2016-09-23,3.50
2016-09-26,3.50
2016-09-27,3.50
2016-09-28,3.50
2016-09-29,3.50
2016-09-30,3.50
2016-10-03,3.50
2016-10-04,3.50
2016-10-05,3.50
2016-10-06,3.50
2016-10-07,3.50
2016-10-10,
2016-10-11,3.50
2016-10-12,3.50
2016-10-13,3.50
2016-10-14,3.50
2016-10-17,3.50
2016-10-18,3.50
2016-10-19,3.50
2016-10-20,3.50
2016-10-21,3.50
2016-10-24,3.50
2016-10-25,3.50
2016-10-26,3.50
2016-10-27,3.50
2016-10-28,3.50
2016-10-31,3.50
2016-11-01,3.50
2016-11-02,3.50
2016-11-03,3.50
2016-11-04,3.50
2016-11-07,3.50
2016-11-08,3.50
2016-11-09,3.50
2016-11-10,3.50
2016-11-11,
2016-11-14,3.50
2016-11-15,3.50
2016-11-16,3.50
2016-11-17,3.50
2016-11-18,3.50
2016-11-21,3.50
2016-11-22,3.50
2016-11-23,3.50
2016-11-24,
2016-11-25,3.50
2016-11-28,3.50
2016-11-29,3.50
2016-11-30,3.50
2016-12-01,3.50
2016-12-02,3.50
2016-12-05,3.50
2016-12-06,3.50
2016-12-07,3.50
2016-12-08,3.50
2016-12-09,3.50
2016-12-12,3.50
2016-12-13,3.50
2016-12-14,3.50
2016-12-15,3.75
2016-12-16,3.75
2016-12-19,3.75
2016-12-20,3.75
2016-12-21,3.75
2016-12-22,3.75
2016-12-23,3.75
2016-12-26,
2016-12-27,3.75
2016-12-28,3.75
2016-12-29,3.75
2016-12-30,3.75
2017-01-02,
2017-01-03,3.75
2017-01-04,3.75
2017-01-05,3.75
2017-01-06,3.75
2017-01-09,3.75
2017-01-10,3.75
2017-01-11,3.75
2017-01-12,3.75
2017-01-13,3.75
2017-01-16,
2017-01-17,3.75
2017-01-18,3.75
2017-01-19,3.75
2017-01-20,3.75
2017-01-23,3.75
2017-01-24,3.75
2017-01-25,3.75
2017-01-26,3.75
2017-01-27,3.75
2017-01-30,3.75
2017-01-31,3.75
2017-02-01,3.75
2017-02-02,3.75
2017-02-03,3.75
2017-02-06,3.75
2017-02-07,3.75
2017-02-08,3.75
2017-02-09,3.75
2017-02-10,3.75
2017-02-13,3.75
2017-02-14,3.75
2017-02-15,3.75
2017-02-16,3.75
2017-02-17,3.75
2017-02-20,
2017-02-21,3.75
2017-02-22,3.75
2017-02-23,3.75
2017-02-24,3.75
2017-02-27,3.75
2017-02-28,3.75
2017-03-01,3.75
2017-03-02,3.75
2017-03-03,3.75
2017-03-06,3.75
2017-03-07,3.75
2017-03-08,3.75
2017-03-09,3.75
2017-03-10,3.75
2017-03-13,3.75
2017-03-14,3.75
2017-03-15,3.75
2017-03-16,4.00
2017-03-17,4.00
2017-03-20,4.00
2017-03-21,4.00
2017-03-22,4.00
2017-03-23,4.00
2017-03-24,4.00
2017-03-27,4.00
2017-03-28,4.00
2017-03-29,4.00
2017-03-30,4.00
2017-03-31,4.00
2017-04-03,4.00
2017-04-04,4.00
2017-04-05,4.00
2017-04-06,4.00
2017-04-07,4.00
2017-04-10,4.00
2017-04-11,4.00
2017-04-12,4.00
2017-04-13,4.00
2017-04-14,4.00
2017-04-17,4.00
2017-04-18,4.00
2017-04-19,4.00
2017-04-20,4.00
2017-04-21,4.00
2017-04-24,4.00
2017-04-25,4.00
2017-04-26,4.00
2017-04-27,4.00
2017-04-28,4.00
2017-05-01,4.00
2017-05-02,4.00
2017-05-03,4.00
2017-05-04,4.00
2017-05-05,4.00
2017-05-08,4.00
2017-05-09,4.00
2017-05-10,4.00
2017-05-11,4.00
2017-05-12,4.00
2017-05-15,4.00
2017-05-16,4.00
2017-05-17,4.00
2017-05-18,4.00
2017-05-19,4.00
2017-05-22,4.00
2017-05-23,4.00
2017-05-24,4.00
2017-05-25,4.00
2017-05-26,4.00
2017-05-29,4.00
2017-05-30,4.00
2017-05-31,4.00
2017-06-01,4.00
2017-06-02,4.00
2017-06-05,4.00
2017-06-06,4.00
2017-06-07,4.00
2017-06-08,4.00
2017-06-09,4.00
2017-06-12,4.00
2017-06-13,4.00
2017-06-14,4.00
2017-06-15,4.25
2017-06-16,4.25
2017-06-19,4.25
2017-06-20,4.25
2017-06-21,4.25
2017-06-22,4.25
2017-06-23,4.25
2017-06-26,4.25
2017-06-27,4.25
2017-06-28,4.25
2017-06-29,4.25
2017-06-30,4.25
2017-07-03,4.25
2017-07-04,
2017-07-05,4.25
2017-07-06,4.25
2017-07-07,4.25
2017-07-10,4.25
2017-07-11,4.25
2017-07-12,4.25
2017-07-13,4.25
2017-07-14,4.25
2017-07-17,4.25
2017-07-18,4.25
2017-07-19,4.25
2017-07-20,4.25
2017-07-21,4.25
2017-07-24,4.25
2017-07-25,4.25
2017-07-26,4.25
2017-07-27,4.25
2017-07-28,4.25
2017-07-31,4.25
2017-08-01,4.25
2017-08-02,4.25
2017-08-03,4.25
2017-08-04,4.25
2017-08-07,4.25
2017-08-08,4.25
2017-08-09,4.25
2017-08-10,4.25
2017-08-11,4.25
2017-08-14,4.25
2017-08-15,4.25
2017-08-16,4.25
2017-08-17,4.25
2017-08-18,4.25
2017-08-21,4.25
2017-08-22,4.25
2017-08-23,4.25
2017-08-24,4.25
2017-08-25,4.25
2017-08-28,4.25
2017-08-29,4.25
2017-08-30,4.25
2017-08-31,4.25
2017-09-01,4.25
2017-09-04,
2017-09-05,4.25
2017-09-06,4.25
2017-09-07,4.25
2017-09-08,4.25
2017-09-11,4.25
2017-09-12,4.25
2017-09-13,4.25
2017-09-14,4.25
2017-09-15,4.25
2017-09-18,4.25
2017-09-19,4.25
2017-09-20,4.25
2017-09-21,4.25
2017-09-22,4.25
2017-09-25,4.25
2017-09-26,4.25
2017-09-27,4.25
2017-09-28,4.25
2017-09-29,4.25
2017-10-02,4.25
2017-10-03,4.25
2017-10-04,4.25
2017-10-05,4.25
2017-10-06,4.25
2017-10-09,
2017-10-10,4.25
2017-10-11,4.25
2017-10-12,4.25
2017-10-13,4.25
2017-10-16,4.25
2017-10-17,4.25
2017-10-18,4.25
2017-10-19,4.25
2017-10-20,4.25
2017-10-23,4.25
2017-10-24,4.25
2017-10-25,4.25
2017-10-26,4.25
2017-10-27,4.25
2017-10-30,4.25
2017-10-31,4.25
2017-11-01,4.25
2017-11-02,4.25
2017-11-03,4.25
2017-11-06,4.25
2017-11-07,4.25
2017-11-08,4.25
2017-11-09,4.25
2017-11-10,4.25
2017-11-13,4.25
2017-11-14,4.25
2017-11-15,4.25
2017-11-16,4.25
2017-11-17,4.25
2017-11-20,4.25
2017-11-21,4.25
2017-11-22,4.25
2017-11-23,
2017-11-24,4.25
2017-11-27,4.25
2017-11-28,4.25
2017-11-29,4.25
2017-11-30,4.25
2017-12-01,4.25
2017-12-04,4.25
2017-12-05,4.25
2017-12-06,4.25
2017-12-07,4.25
2017-12-08,4.25
2017-12-11,4.25
2017-12-12,4.25
2017-12-13,4.25
2017-12-14,4.50
2017-12-15,4.50
2017-12-18,4.50
2017-12-19,4.50
2017-12-20,4.50
2017-12-21,4.50
2017-12-22,4.50
2017-12-25,
2017-12-26,4.50
2017-12-27,4.50
2017-12-28,4.50
2017-12-29,4.50
2018-01-01,
2018-01-02,4.50
2018-01-03,4.50
2018-01-04,4.50
2018-01-05,4.50
2018-01-08,4.50
2018-01-09,4.50
2018-01-10,4.50
2018-01-11,4.50
2018-01-12,4.50
2018-01-15,
2018-01-16,4.50
2018-01-17,4.50
2018-01-18,4.50
2018-01-19,4.50
2018-01-22,4.50
2018-01-23,4.50
2018-01-24,4.50
2018-01-25,4.50
2018-01-26,4.50
2018-01-29,4.50
2018-01-30,4.50
2018-01-31,4.50
2018-02-01,4.50
2018-02-02,4.50
2018-02-05,4.50
2018-02-06,4.50
2018-02-07,4.50
2018-02-08,4.50
2018-02-09,4.50
2018-02-12,4.50
2018-02-13,4.50
2018-02-14,4.50
2018-02-15,4.50
2018-02-16,4.50
2018-02-19,
2018-02-20,4.50
2018-02-21,4.50
2018-02-22,4.50
2018-02-23,4.50
2018-02-26,4.50
2018-02-27,4.50
2018-02-28,4.50
2018-03-01,4.50
2018-03-02,4.50
2018-03-05,4.50
2018-03-06,4.50
2018-03-07,4.50
2018-03-08,4.50
2018-03-09,4.50
2018-03-12,4.50
2018-03-13,4.50
2018-03-14,4.50
2018-03-15,4.50
2018-03-16,4.50
2018-03-19,4.50
2018-03-20,4.50
2018-03-21,4.50
2018-03-22,4.75
2018-03-23,4.75
2018-03-26,4.75
2018-03-27,4.75
2018-03-28,4.75
2018-03-29,4.75
2018-03-30,4.75
2018-04-02,4.75
2018-04-03,4.75
2018-04-04,4.75
2018-04-05,4.75
2018-04-06,4.75
2018-04-09,4.75
2018-04-10,4.75
2018-04-11,4.75
2018-04-12,4.75
2018-04-13,4.75
2018-04-16,4.75
2018-04-17,4.75
2018-04-18,4.75
2018-04-19,4.75
2018-04-20,4.75
2018-04-23,4.75
2018-04-24,4.75
2018-04-25,4.75
2018-04-26,4.75
2018-04-27,4.75
2018-04-30,4.75
2018-05-01,4.75
2018-05-02,4.75
2018-05-03,4.75
2018-05-04,4.75
2018-05-07,4.75
2018-05-08,4.75
2018-05-09,4.75
2018-05-10,4.75
2018-05-11,4.75
2018-05-14,4.75
2018-05-15,4.75
2018-05-16,4.75
2018-05-17,4.75
2018-05-18,4.75
2018-05-21,4.75
2018-05-22,4.75
2018-05-23,4.75
2018-05-24,4.75
2018-05-25,4.75
2018-05-28,
2018-05-29,4.75
2018-05-30,4.75
2018-05-31,4.75
2018-06-01,4.75
2018-06-04,4.75
2018-06-05,4.75
2018-06-06,4.75
2018-06-07,4.75
2018-06-08,4.75
2018-06-11,4.75
2018-06-12,4.75
2018-06-13,4.75
2018-06-14,5.00
2018-06-15,5.00
2018-06-18,5.00
2018-06-19,5.00
2018-06-20,5.00
2018-06-21,5.00
2018-06-22,5.00
2018-06-25,5.00
2018-06-26,5.00
2018-06-27,5.00
2018-06-28,5.00
2018-06-29,5.00
2018-07-02,5.00
2018-07-03,5.00
2018-07-04,
2018-07-05,5.00
2018-07-06,5.00
2018-07-09,5.00
2018-07-10,5.00
2018-07-11,5.00
2018-07-12,5.00
2018-07-13,5.00
2018-07-16,5.00
2018-07-17,5.00
2018-07-18,5.00
2018-07-19,5.00
2018-07-20,5.00
2018-07-23,5.00
2018-07-24,5.00
2018-07-25,5.00
2018-07-26,5.00
2018-07-27,5.00
2018-07-30,5.00
2018-07-31,5.00
2018-08-01,5.00
2018-08-02,5.00
2018-08-03,5.00
2018-08-06,5.00
2018-08-07,5.00
2018-08-08,5.00
2018-08-09,5.00
2018-08-10,5.00
2018-08-13,5.00
2018-08-14,5.00
2018-08-15,5.00
2018-08-16,5.00
2018-08-17,5.00
2018-08-20,5.00
2018-08-21,5.00
2018-08-22,5.00
2018-08-23,5.00
2018-08-24,5.00
2018-08-27,5.00
2018-08-28,5.00
2018-08-29,5.00
2018-08-30,5.00
2018-08-31,5.00
2018-09-03,
2018-09-04,5.00
2018-09-05,5.00
2018-09-06,5.00
2018-09-07,5.00
2018-09-10,5.00
2018-09-11,5.00
2018-09-12,5.00
2018-09-13,5.00
2018-09-14,5.00
2018-09-17,5.00
2018-09-18,5.00
2018-09-19,5.00
2018-09-20,5.00
2018-09-21,5.00
2018-09-24,5.00
2018-09-25,5.00
2018-09-26,5.00
2018-09-27,5.25
2018-09-28,5.25
2018-10-01,5.25
2018-10-02,5.25
2018-10-03,5.25
2018-10-04,5.25
2018-10-05,5.25
2018-10-08,
2018-10-09,5.25
2018-10-10,5.25
2018-10-11,5.25
2018-10-12,5.25
2018-10-15,5.25
2018-10-16,5.25
2018-10-17,5.25
2018-10-18,5.25
2018-10-19,5.25
2018-10-22,5.25
2018-10-23,5.25
2018-10-24,5.25
2018-10-25,5.25
2018-10-26,5.25
2018-10-29,5.25
2018-10-30,5.25
2018-10-31,5.25
2018-11-01,5.25
2018-11-02,5.25
2018-11-05,5.25
2018-11-06,5.25
2018-11-07,5.25
2018-11-08,5.25
2018-11-09,5.25
2018-11-12,
2018-11-13,5.25
2018-11-14,5.25
2018-11-15,5.25
2018-11-16,5.25
2018-11-19,5.25
2018-11-20,5.25
2018-11-21,5.25
2018-11-22,
2018-11-23,5.25
2018-11-26,5.25
2018-11-27,5.25
2018-11-28,5.25
2018-11-29,5.25
2018-11-30,5.25
2018-12-03,5.25
2018-12-04,5.25
2018-12-05,5.25
2018-12-06,5.25
2018-12-07,5.25
2018-12-10,5.25
2018-12-11,5.25
2018-12-12,5.25
2018-12-13,5.25
2018-12-14,5.25
2018-12-17,5.25
2018-12-18,5.25
2018-12-19,5.25
2018-12-20,5.50
2018-12-21,5.50
2018-12-24,5.50
2018-12-25,
2018-12-26,5.50
2018-12-27,5.50
2018-12-28,5.50
2018-12-31,5.50
2019-01-01,
2019-01-02,5.50
2019-01-03,5.50
2019-01-04,5.50
2019-01-07,5.50
2019-01-08,5.50
2019-01-09,5.50
2019-01-10,5.50
2019-01-11,5.50
2019-01-14,5.50
2019-01-15,5.50
2019-01-16,5.50
2019-01-17,5.50
2019-01-18,5.50
2019-01-21,
2019-01-22,5.50
2019-01-23,5.50
2019-01-24,5.50
2019-01-25,5.50
2019-01-28,5.50
2019-01-29,5.50
2019-01-30,5.50
2019-01-31,5.50
2019-02-01,5.50
2019-02-04,5.50
2019-02-05,5.50
2019-02-06,5.50
2019-02-07,5.50
2019-02-08,5.50
2019-02-11,5.50
2019-02-12,5.50
2019-02-13,5.50
2019-02-14,5.50
2019-02-15,5.50
2019-02-18,5.50
2019-02-19,5.50
2019-02-20,5.50
2019-02-21,5.50
2019-02-22,5.50
2019-02-25,5.50
2019-02-26,5.50
2019-02-27,5.50
2019-02-28,5.50
2019-03-01,5.50
2019-03-04,5.50
2019-03-05,5.50
2019-03-06,5.50
2019-03-07,5.50
2019-03-08,5.50
2019-03-11,5.50
2019-03-12,5.50
2019-03-13,5.50
2019-03-14,5.50
2019-03-15,5.50
2019-03-18,5.50
2019-03-19,5.50
2019-03-20,5.50
2019-03-21,5.50
2019-03-22,5.50
2019-03-25,5.50
2019-03-26,5.50
2019-03-27,5.50
2019-03-28,5.50
2019-03-29,5.50
2019-04-01,5.50
2019-04-02,5.50
2019-04-03,5.50
2019-04-04,5.50
2019-04-05,5.50
2019-04-08,5.50
2019-04-09,5.50
2019-04-10,5.50
2019-04-11,5.50
2019-04-12,5.50
2019-04-15,5.50
2019-04-16,5.50
2019-04-17,5.50
2019-04-18,5.50
2019-04-19,5.50
2019-04-22,5.50
2019-04-23,5.50
2019-04-24,5.50
2019-04-25,5.50
2019-04-26,5.50
2019-04-29,5.50
2019-04-30,5.50
2019-05-01,5.50
2019-05-02,5.50
2019-05-03,5.50
2019-05-06,5.50
2019-05-07,5.50
2019-05-08,5.50
2019-05-09,5.50
2019-05-10,5.50
2019-05-13,5.50
2019-05-14,5.50
2019-05-15,5.50
2019-05-16,5.50
2019-05-17,5.50
2019-05-20,5.50
2019-05-21,5.50
2019-05-22,5.50
2019-05-23,5.50
2019-05-24,5.50
2019-05-27,
2019-05-28,5.50
2019-05-29,5.50
2019-05-30,5.50
2019-05-31,5.50
2019-06-03,5.50
2019-06-04,5.50
2019-06-05,5.50
2019-06-06,5.50
2019-06-07,5.50
2019-06-10,5.50
2019-06-11,5.50
2019-06-12,5.50
2019-06-13,5.50
2019-06-14,5.50
2019-06-17,5.50
2019-06-18,5.50
2019-06-19,5.50
2019-06-20,5.50
2019-06-21,5.50
2019-06-24,5.50
2019-06-25,5.50
2019-06-26,5.50
2019-06-27,5.50
2019-06-28,5.50
2019-07-01,5.50
2019-07-02,5.50
2019-07-03,5.50
2019-07-04,5.50
2019-07-05,5.50
2019-07-08,5.50
2019-07-09,5.50
2019-07-10,5.50
2019-07-11,5.50
2019-07-12,5.50
2019-07-15,5.50
2019-07-16,5.50
2019-07-17,5.50
2019-07-18,5.50
2019-07-19,5.50
2019-07-22,5.50
2019-07-23,5.50
2019-07-24,5.50
2019-07-25,5.50
2019-07-26,5.50
2019-07-29,5.50
2019-07-30,5.50
2019-07-31,5.50
2019-08-01,5.25
2019-08-02,5.25
2019-08-05,5.25
2019-08-06,5.25
2019-08-07,5.25
2019-08-08,5.25
2019-08-09,5.25
2019-08-12,5.25
2019-08-13,5.25
2019-08-14,5.25
2019-08-15,5.25
2019-08-16,5.25
2019-08-19,5.25
2019-08-20,5.25
2019-08-21,5.25
2019-08-22,5.25
2019-08-23,5.25
2019-08-26,5.25
2019-08-27,5.25
2019-08-28,5.25
2019-08-29,5.25
2019-08-30,5.25
2019-09-02,
2019-09-03,5.25
2019-09-04,5.25
2019-09-05,5.25
2019-09-06,5.25
2019-09-09,5.25
2019-09-10,5.25
2019-09-11,5.25
2019-09-12,5.25
2019-09-13,5.25
2019-09-16,5.25
2019-09-17,5.25
2019-09-18,5.25
2019-09-19,5.00
2019-09-20,5.00
2019-09-23,5.00
2019-09-24,5.00
2019-09-25,5.00
2019-09-26,5.00
2019-09-27,5.00
2019-09-30,5.00
2019-10-01,5.00
2019-10-02,5.00
2019-10-03,5.00
2019-10-04,5.00
2019-10-07,5.00
2019-10-08,5.00
2019-10-09,5.00
2019-10-10,5.00
2019-10-11,5.00
2019-10-14,
2019-10-15,5.00
2019-10-16,5.00
2019-10-17,5.00
2019-10-18,5.00
2019-10-21,5.00
2019-10-22,5.00
2019-10-23,5.00
2019-10-24,5.00
2019-10-25,5.00
2019-10-28,5.00
2019-10-29,5.00
2019-10-30,5.00
2019-10-31,4.75
2019-11-01,4.75
2019-11-04,4.75
2019-11-05,4.75
2019-11-06,4.75
2019-11-07,4.75
2019-11-08,4.75
2019-11-11,
2019-11-12,4.75
2019-11-13,4.75
2019-11-14,4.75
2019-11-15,4.75
2019-11-18,4.75
2019-11-19,4.75
2019-11-20,4.75
2019-11-21,4.75
2019-11-22,4.75
2019-11-25,4.75
2019-11-26,4.75
2019-11-27,4.75
2019-11-28,
2019-11-29,4.75
2019-12-02,4.75
2019-12-03,4.75
2019-12-04,4.75
2019-12-05,4.75
2019-12-06,4.75
2019-12-09,4.75
2019-12-10,4.75
2019-12-11,4.75
2019-12-12,4.75
2019-12-13,4.75
2019-12-16,4.75
2019-12-17,4.75
2019-12-18,4.75
2019-12-19,4.75
2019-12-20,4.75
2019-12-23,4.75
2019-12-24,4.75
2019-12-25,
2019-12-26,4.75
2019-12-27,4.75
2019-12-30,4.75
2019-12-31,4.75
2020-01-01,
2020-01-02,4.75
2020-01-03,4.75
2020-01-06,4.75
2020-01-07,4.75
2020-01-08,4.75
2020-01-09,4.75
2020-01-10,4.75
2020-01-13,4.75
2020-01-14,4.75
2020-01-15,4.75
2020-01-16,4.75
2020-01-17,4.75
2020-01-20,
2020-01-21,4.75
2020-01-22,4.75
2020-01-23,4.75
2020-01-24,4.75
2020-01-27,4.75
2020-01-28,4.75
2020-01-29,4.75
2020-01-30,4.75
2020-01-31,4.75
2020-02-03,4.75
2020-02-04,4.75
2020-02-05,4.75
2020-02-06,4.75
2020-02-07,4.75
2020-02-10,4.75
2020-02-11,4.75
2020-02-12,4.75
2020-02-13,4.75
2020-02-14,4.75
2020-02-17,
2020-02-18,4.75
2020-02-19,4.75
2020-02-20,4.75
2020-02-21,4.75
2020-02-24,4.75
2020-02-25,4.75
2020-02-26,4.75
2020-02-27,4.75
2020-02-28,4.75
2020-03-02,4.75
2020-03-03,4.75
2020-03-04,4.25
2020-03-05,4.25
2020-03-06,4.25
2020-03-09,4.25
2020-03-10,4.25
2020-03-11,4.25
2020-03-12,4.25
2020-03-13,4.25
2020-03-16,3.25
2020-03-17,3.25
2020-03-18,3.25
2020-03-19,3.25
2020-03-20,3.25
2020-03-23,3.25
2020-03-24,3.25
2020-03-25,3.25
2020-03-26,3.25
2020-03-27,3.25
2020-03-30,3.25
2020-03-31,3.25
2020-04-01,3.25
2020-04-02,3.25
2020-04-03,3.25
2020-04-06,3.25
2020-04-07,3.25
2020-04-08,3.25
2020-04-09,3.25
2020-04-10,3.25
2020-04-13,3.25
2020-04-14,3.25
2020-04-15,3.25
2020-04-16,3.25
2020-04-17,3.25
2020-04-20,3.25
2020-04-21,3.25
2020-04-22,3.25
2020-04-23,3.25
2020-04-24,3.25
2020-04-27,3.25
2020-04-28,3.25
2020-04-29,3.25
2020-04-30,3.25
2020-05-01,3.25
2020-05-04,3.25
2020-05-05,3.25
2020-05-06,3.25
2020-05-07,3.25
2020-05-08,3.25
2020-05-11,3.25
2020-05-12,3.25
2020-05-13,3.25
2020-05-14,3.25
2020-05-15,3.25
2020-05-18,3.25
2020-05-19,3.25
2020-05-20,3.25
2020-05-21,3.25
2020-05-22,3.25
2020-05-25,
2020-05-26,3.25
2020-05-27,3.25
2020-05-28,3.25
2020-05-29,3.25
2020-06-01,3.25
2020-06-02,3.25
2020-06-03,3.25
2020-06-04,3.25
2020-06-05,3.25
2020-06-08,3.25
2020-06-09,3.25
2020-06-10,3.25
2020-06-11,3.25
2020-06-12,3.25
2020-06-15,3.25
2020-06-16,3.25
2020-06-17,3.25
2020-06-18,3.25
2020-06-19,3.25
2020-06-22,3.25
2020-06-23,3.25
2020-06-24,3.25
2020-06-25,3.25
2020-06-26,3.25
2020-06-29,3.25
2020-06-30,3.25
2020-07-01,3.25
2020-07-02,3.25
2020-07-03,3.25
2020-07-06,3.25
2020-07-07,3.25
2020-07-08,3.25
2020-07-09,3.25
2020-07-10,3.25
2020-07-13,3.25
2020-07-14,3.25
2020-07-15,3.25
2020-07-16,3.25
2020-07-17,3.25
2020-07-20,3.25
2020-07-21,3.25
2020-07-22,3.25
2020-07-23,3.25
2020-07-24,3.25
2020-07-27,3.25
2020-07-28,3.25
2020-07-29,3.25
2020-07-30,3.25
2020-07-31,3.25
2020-08-03,3.25
2020-08-04,3.25
2020-08-05,3.25
2020-08-06,3.25
2020-08-07,3.25
2020-08-10,3.25
2020-08-11,3.25
2020-08-12,3.25
2020-08-13,3.25
2020-08-14,3.25
2020-08-17,3.25
2020-08-18,3.25
2020-08-19,3.25
2020-08-20,3.25
2020-08-21,3.25
2020-08-24,3.25
2020-08-25,3.25
2020-08-26,3.25
2020-08-27,3.25
2020-08-28,3.25
2020-08-31,3.25
2020-09-01,3.25
2020-09-02,3.25
2020-09-03,3.25
2020-09-04,3.25
2020-09-07,
2020-09-08,3.25
2020-09-09,3.25
2020-09-10,3.25
2020-09-11,3.25
2020-09-14,3.25
2020-09-15,3.25
2020-09-16,3.25
2020-09-17,3.25
2020-09-18,3.25
2020-09-21,3.25
2020-09-22,3.25
2020-09-23,3.25
2020-09-24,3.25
2020-09-25,3.25
2020-09-28,3.25
2020-09-29,3.25
2020-09-30,3.25
2020-10-01,3.25
2020-10-02,3.25
2020-10-05,3.25
2020-10-06,3.25
2020-10-07,3.25
2020-10-08,3.25
2020-10-09,3.25
2020-10-12,
2020-10-13,3.25
2020-10-14,3.25
2020-10-15,3.25
2020-10-16,3.25
2020-10-19,3.25
2020-10-20,3.25
2020-10-21,3.25
2020-10-22,3.25
2020-10-23,3.25
2020-10-26,3.25
2020-10-27,3.25
2020-10-28,3.25
2020-10-29,3.25
2020-10-30,3.25
2020-11-02,3.25
2020-11-03,3.25
2020-11-04,3.25
2020-11-05,3.25
2020-11-06,3.25
2020-11-09,3.25
2020-11-10,3.25
2020-11-11,
2020-11-12,3.25
2020-11-13,3.25
2020-11-16,3.25
2020-11-17,3.25
2020-11-18,3.25
2020-11-19,3.25
2020-11-20,3.25
2020-11-23,3.25
2020-11-24,3.25
2020-11-25,3.25
2020-11-26,
2020-11-27,3.25
2020-11-30,3.25
2020-12-01,3.25
2020-12-02,3.25
2020-12-03,3.25
2020-12-04,3.25
2020-12-07,3.25
2020-12-08,3.25
2020-12-09,3.25
2020-12-10,3.25
2020-12-11,3.25
2020-12-14,3.25
2020-12-15,3.25
2020-12-16,3.25
2020-12-17,3.25
2020-12-18,3.25
2020-12-21,3.25
2020-12-22,3.25
2020-12-23,3.25
2020-12-24,3.25
2020-12-25,
2020-12-28,3.25
2020-12-29,3.25
2020-12-30,3.25
2020-12-31,3.25
2021-01-01,
2021-01-04,3.25
2021-01-05,3.25
2021-01-06,3.25
2021-01-07,3.25
2021-01-08,3.25
2021-01-11,3.25
2021-01-12,3.25
2021-01-13,3.25
2021-01-14,3.25
2021-01-15,3.25
2021-01-18,
2021-01-19,3.25
2021-01-20,3.25
2021-01-21,3.25
2021-01-22,3.25
2021-01-25,3.25
2021-01-26,3.25
2021-01-27,3.25
2021-01-28,3.25
2021-01-29,3.25
2021-02-01,3.25
2021-02-02,3.25
2021-02-03,3.25
2021-02-04,3.25
2021-02-05,3.25
2021-02-08,3.25
2021-02-09,3.25
2021-02-10,3.25
2021-02-11,3.25
2021-02-12,3.25
2021-02-15,
2021-02-16,3.25
2021-02-17,3.25
2021-02-18,3.25
2021-02-19,3.25
2021-02-22,3.25
2021-02-23,3.25
2021-02-24,3.25
2021-02-25,3.25
2021-02-26,3.25
2021-03-01,3.25
2021-03-02,3.25
2021-03-03,3.25
2021-03-04,3.25
2021-03-05,3.25
2021-03-08,3.25
2021-03-09,3.25
2021-03-10,3.25
2021-03-11,3.25
2021-03-12,3.25
2021-03-15,3.25
2021-03-16,3.25
2021-03-17,3.25
2021-03-18,3.25
2021-03-19,3.25
2021-03-22,3.25
2021-03-23,3.25
2021-03-24,3.25
2021-03-25,3.25
2021-03-26,3.25
2021-03-29,3.25
2021-03-30,3.25
2021-03-31,3.25
2021-04-01,3.25
2021-04-02,3.25
2021-04-05,3.25
2021-04-06,3.25
2021-04-07,3.25
2021-04-08,3.25
2021-04-09,3.25
2021-04-12,3.25
2021-04-13,3.25
2021-04-14,3.25
2021-04-15,3.25
2021-04-16,3.25
2021-04-19,3.25
2021-04-20,3.25
2021-04-21,3.25
2021-04-22,3.25
2021-04-23,3.25
2021-04-26,3.25
2021-04-27,3.25
2021-04-28,3.25
2021-04-29,3.25
2021-04-30,3.25
2021-05-03,3.25
2021-05-04,3.25
2021-05-05,3.25
2021-05-06,3.25
2021-05-07,3.25
2021-05-10,3.25
2021-05-11,3.25
2021-05-12,3.25
2021-05-13,3.25
2021-05-14,3.25
2021-05-17,3.25
2021-05-18,3.25
2021-05-19,3.25
2021-05-20,3.25
2021-05-21,3.25
2021-05-24,3.25
2021-05-25,3.25
2021-05-26,3.25
2021-05-27,3.25
2021-05-28,3.25
2021-05-31,
2021-06-01,3.25
2021-06-02,3.25
2021-06-03,3.25
2021-06-04,3.25
2021-06-07,3.25
2021-06-08,3.25
2021-06-09,3.25
2021-06-10,3.25
2021-06-11,3.25
2021-06-14,3.25
2021-06-15,3.25
2021-06-16,3.25
2021-06-17,3.25
2021-06-18,3.25
2021-06-21,3.25
2021-06-22,3.25
2021-06-23,3.25
2021-06-24,3.25
2021-06-25,3.25
2021-06-28,3.25
2021-06-29,3.25
2021-06-30,3.25
2021-07-01,3.25
2021-07-02,3.25
2021-07-05,
2021-07-06,3.25
2021-07-07,3.25
2021-07-08,3.25
2021-07-09,3.25
2021-07-12,3.25
2021-07-13,3.25
2021-07-14,3.25
2021-07-15,3.25
2021-07-16,3.25
2021-07-19,3.25
2021-07-20,3.25
2021-07-21,3.25
2021-07-22,3.25
2021-07-23,3.25
2021-07-26,3.25
2021-07-27,3.25
2021-07-28,3.25
2021-07-29,3.25
2021-07-30,3.25
2021-08-02,3.25
2021-08-03,3.25
2021-08-04,3.25
2021-08-05,3.25
2021-08-06,3.25
2021-08-09,3.25
2021-08-10,3.25
2021-08-11,3.25
2021-08-12,3.25
2021-08-13,3.25
2021-08-16,3.25
2021-08-17,3.25
2021-08-18,3.25
2021-08-19,3.25
2021-08-20,3.25
2021-08-23,3.25
2021-08-24,3.25
2021-08-25,3.25
2021-08-26,3.25
2021-08-27,3.25
2021-08-30,3.25
2021-08-31,3.25
2021-09-01,3.25
2021-09-02,3.25
2021-09-03,3.25
2021-09-06,
2021-09-07,3.25
2021-09-08,3.25
2021-09-09,3.25
2021-09-10,3.25
2021-09-13,3.25
2021-09-14,3.25
2021-09-15,3.25
2021-09-16,3.25
2021-09-17,3.25
2021-09-20,3.25
2021-09-21,3.25
2021-09-22,3.25
2021-09-23,3.25
2021-09-24,3.25
2021-09-27,3.25
2021-09-28,3.25
2021-09-29,3.25
2021-09-30,3.25
2021-10-01,3.25
2021-10-04,3.25
2021-10-05,3.25
2021-10-06,3.25
2021-10-07,3.25
2021-10-08,3.25
2021-10-11,
2021-10-12,3.25
2021-10-13,3.25
2021-10-14,3.25
2021-10-15,3.25
2021-10-18,3.25
2021-10-19,3.25
2021-10-20,3.25
2021-10-21,3.25
2021-10-22,3.25
2021-10-25,3.25
2021-10-26,3.25
2021-10-27,3.25
2021-10-28,3.25
2021-10-29,3.25
2021-11-01,3.25
2021-11-02,3.25
2021-11-03,3.25
2021-11-04,3.25
2021-11-05,3.25
2021-11-08,3.25
2021-11-09,3.25
2021-11-10,3.25
2021-11-11,
2021-11-12,3.25
2021-11-15,3.25
2021-11-16,3.25
2021-11-17,3.25
2021-11-18,3.25
2021-11-19,3.25
2021-11-22,3.25
2021-11-23,3.25
2021-11-24,3.25
2021-11-25,
2021-11-26,3.25
2021-11-29,3.25
2021-11-30,3.25
2021-12-01,3.25
2021-12-02,3.25
2021-12-03,3.25
2021-12-06,3.25
2021-12-07,3.25
2021-12-08,3.25
2021-12-09,3.25
2021-12-10,3.25
2021-12-13,3.25
2021-12-14,3.25
2021-12-15,3.25
2021-12-16,3.25
2021-12-17,3.25
2021-12-20,3.25
2021-12-21,3.25
2021-12-22,3.25
2021-12-23,3.25
2021-12-24,3.25
2021-12-27,3.25
2021-12-28,3.25
2021-12-29,3.25
2021-12-30,3.25
2021-12-31,3.25
2022-01-03,3.25
2022-01-04,3.25
2022-01-05,3.25
2022-01-06,3.25
2022-01-07,3.25
2022-01-10,3.25
2022-01-11,3.25
2022-01-12,3.25
2022-01-13,3.25
2022-01-14,3.25
2022-01-17,
2022-01-18,3.25
2022-01-19,3.25
2022-01-20,3.25
2022-01-21,3.25
2022-01-24,3.25
2022-01-25,3.25
2022-01-26,3.25
2022-01-27,3.25
2022-01-28,3.25
2022-01-31,3.25
2022-02-01,3.25
2022-02-02,3.25
2022-02-03,3.25
2022-02-04,3.25
2022-02-07,3.25
2022-02-08,3.25
2022-02-09,3.25
2022-02-10,3.25
2022-02-11,3.25
2022-02-14,3.25
2022-02-15,3.25
2022-02-16,3.25
2022-02-17,3.25
2022-02-18,3.25
2022-02-21,
2022-02-22,3.25
2022-02-23,3.25
2022-02-24,3.25
2022-02-25,3.25
2022-02-28,3.25
2022-03-01,3.25
2022-03-02,3.25
2022-03-03,3.25
2022-03-04,3.25
2022-03-07,3.25
2022-03-08,3.25
2022-03-09,3.25
2022-03-10,3.25
2022-03-11,3.25
2022-03-14,3.25
2022-03-15,3.25
2022-03-16,3.25
2022-03-17,3.50
2022-03-18,3.50
2022-03-21,3.50
2022-03-22,3.50
2022-03-23,3.50
2022-03-24,3.50
2022-03-25,3.50
2022-03-28,3.50
2022-03-29,3.50
2022-03-30,3.50
2022-03-31,3.50
2022-04-01,3.50
2022-04-04,3.50
2022-04-05,3.50
2022-04-06,3.50
2022-04-07,3.50
2022-04-08,3.50
2022-04-11,3.50
2022-04-12,3.50
2022-04-13,3.50
2022-04-14,3.50
2022-04-15,3.50
2022-04-18,3.50
2022-04-19,3.50
2022-04-20,3.50
2022-04-21,3.50
2022-04-22,3.50
2022-04-25,3.50
2022-04-26,3.50
2022-04-27,3.50
2022-04-28,3.50
2022-04-29,3.50
2022-05-02,3.50
2022-05-03,3.50
2022-05-04,3.50
2022-05-05,4.00
2022-05-06,4.00
2022-05-09,4.00
2022-05-10,4.00
2022-05-11,4.00
2022-05-12,4.00
2022-05-13,4.00
2022-05-16,4.00
2022-05-17,4.00
2022-05-18,4.00
2022-05-19,4.00
2022-05-20,4.00
2022-05-23,4.00
2022-05-24,4.00
2022-05-25,4.00
2022-05-26,4.00
2022-05-27,4.00
2022-05-30,
2022-05-31,4.00
2022-06-01,4.00
2022-06-02,4.00
2022-06-03,4.00
2022-06-06,4.00
2022-06-07,4.00
2022-06-08,4.00
2022-06-09,4.00
2022-06-10,4.00
2022-06-13,4.00
2022-06-14,4.00
2022-06-15,4.00
2022-06-16,4.75
2022-06-17,4.75
2022-06-20,
2022-06-21,4.75
2022-06-22,4.75
2022-06-23,4.75
2022-06-24,4.75
2022-06-27,4.75
2022-06-28,4.75
2022-06-29,4.75
2022-06-30,4.75
2022-07-01,4.75
2022-07-04,
2022-07-05,4.75
2022-07-06,4.75
2022-07-07,4.75
2022-07-08,4.75
2022-07-11,4.75
2022-07-12,4.75
2022-07-13,4.75
2022-07-14,4.75
2022-07-15,4.75
2022-07-18,4.75
2022-07-19,4.75
2022-07-20,4.75
2022-07-21,4.75
2022-07-22,4.75
2022-07-25,4.75
2022-07-26,4.75
2022-07-27,4.75
2022-07-28,5.50
2022-07-29,5.50
2022-08-01,5.50
2022-08-02,5.50
2022-08-03,5.50
2022-08-04,5.50
2022-08-05,5.50
2022-08-08,5.50
2022-08-09,5.50
2022-08-10,5.50
2022-08-11,5.50
2022-08-12,5.50
2022-08-15,5.50
2022-08-16,5.50
2022-08-17,5.50
2022-08-18,5.50
2022-08-19,5.50
2022-08-22,5.50
2022-08-23,5.50
2022-08-24,5.50
2022-08-25,5.50
2022-08-26,5.50
2022-08-29,5.50
2022-08-30,5.50
2022-08-31,5.50
2022-09-01,5.50
2022-09-02,5.50
2022-09-05,5.50
2022-09-06,5.50
2022-09-07,5.50
2022-09-08,5.50
2022-09-09,5.50
2022-09-12,5.50
2022-09-13,5.50
2022-09-14,5.50
2022-09-15,5.50
2022-09-16,5.50
2022-09-19,5.50
2022-09-20,5.50
2022-09-21,5.50
2022-09-22,6.25
2022-09-23,6.25
2022-09-26,6.25
2022-09-27,6.25
2022-09-28,6.25
2022-09-29,6.25
2022-09-30,6.25
2022-10-03,6.25
2022-10-04,6.25
2022-10-05,6.25
2022-10-06,6.25
2022-10-07,6.25
2022-10-10,
2022-10-11,6.25
2022-10-12,6.25
2022-10-13,6.25
2022-10-14,6.25
2022-10-17,6.25
2022-10-18,6.25
2022-10-19,6.25
2022-10-20,6.25
2022-10-21,6.25
2022-10-24,6.25
2022-10-25,6.25
2022-10-26,6.25
2022-10-27,6.25
2022-10-28,6.25
2022-10-31,6.25
2022-11-01,6.25
2022-11-02,6.25
2022-11-03,7.00
2022-11-04,7.00
2022-11-07,7.00
2022-11-08,7.00
2022-11-09,7.00
2022-11-10,7.00
2022-11-11,
2022-11-14,7.00
2022-11-15,7.00
2022-11-16,7.00
2022-11-17,7.00
2022-11-18,7.00
2022-11-21,7.00
2022-11-22,7.00
2022-11-23,7.00
2022-11-24,
2022-11-25,7.00
2022-11-28,7.00
2022-11-29,7.00
2022-11-30,7.00
2022-12-01,7.00
2022-12-02,7.00
2022-12-05,7.00
2022-12-06,7.00
2022-12-07,7.00
2022-12-08,7.00
2022-12-09,7.00
2022-12-12,7.00
2022-12-13,7.00
2022-12-14,7.00
2022-12-15,7.50
2022-12-16,7.50
2022-12-19,7.50
2022-12-20,7.50
2022-12-21,7.50
2022-12-22,7.50
2022-12-23,7.50
2022-12-26,
2022-12-27,7.50
2022-12-28,7.50
2022-12-29,7.50
2022-12-30,7.50
2023-01-02,
2023-01-03,7.50
2023-01-04,7.50
2023-01-05,7.50
2023-01-06,7.50
2023-01-09,7.50
2023-01-10,7.50
2023-01-11,7.50
2023-01-12,7.50
2023-01-13,7.50
2023-01-16,
2023-01-17,7.50
2023-01-18,7.50
2023-01-19,7.50
2023-01-20,7.50
2023-01-23,7.50
2023-01-24,7.50
2023-01-25,7.50
2023-01-26,7.50
2023-01-27,7.50
2023-01-30,7.50
2023-01-31,7.50
2023-02-01,7.50
2023-02-02,7.75
2023-02-03,7.75
2023-02-06,7.75
2023-02-07,7.75
2023-02-08,7.75
2023-02-09,7.75
2023-02-10,7.75
2023-02-13,7.75
2023-02-14,7.75
2023-02-15,7.75
2023-02-16,7.75
2023-02-17,7.75
2023-02-20,
2023-02-21,7.75
2023-02-22,7.75
2023-02-23,7.75
2023-02-24,7.75
2023-02-27,7.75
2023-02-28,7.75
2023-03-01,7.75
2023-03-02,7.75
2023-03-03,7.75
2023-03-06,7.75
2023-03-07,7.75
2023-03-08,7.75
2023-03-09,7.75
2023-03-10,7.75
2023-03-13,7.75
2023-03-14,7.75
2023-03-15,7.75
2023-03-16,7.75
2023-03-17,7.75
2023-03-20,7.75
2023-03-21,7.75
2023-03-22,7.75
2023-03-23,8.00
2023-03-24,8.00
2023-03-27,8.00
2023-03-28,8.00
2023-03-29,8.00
2023-03-30,8.00
2023-03-31,8.00
2023-04-03,8.00
2023-04-04,8.00
2023-04-05,8.00
2023-04-06,8.00
2023-04-07,8.00
2023-04-10,8.00
2023-04-11,8.00
2023-04-12,8.00
2023-04-13,8.00
2023-04-14,8.00
2023-04-17,8.00
2023-04-18,8.00
2023-04-19,8.00
2023-04-20,8.00
2023-04-21,8.00
2023-04-24,8.00
2023-04-25,8.00
2023-04-26,8.00
2023-04-27,8.00
2023-04-28,8.00
2023-05-01,8.00
2023-05-02,8.00
2023-05-03,8.00
2023-05-04,8.25
2023-05-05,8.25
2023-05-08,8.25
2023-05-09,8.25
2023-05-10,8.25
2023-05-11,8.25
2023-05-12,8.25
2023-05-15,8.25
2023-05-16,8.25
2023-05-17,8.25
2023-05-18,8.25
2023-05-19,8.25
2023-05-22,8.25
2023-05-23,8.25
2023-05-24,8.25
2023-05-25,8.25
2023-05-26,8.25
2023-05-29,
2023-05-30,8.25
2023-05-31,8.25
2023-06-01,8.25
2023-06-02,8.25
2023-06-05,8.25
2023-06-06,8.25
2023-06-07,8.25
2023-06-08,8.25
2023-06-09,8.25
2023-06-12,8.25
2023-06-13,8.25
2023-06-14,8.25
2023-06-15,8.25
2023-06-16,8.25
2023-06-19,
2023-06-20,8.25
2023-06-21,8.25
2023-06-22,8.25
2023-06-23,8.25
2023-06-26,8.25
2023-06-27,8.25
2023-06-28,8.25
2023-06-29,8.25
2023-06-30,8.25
2023-07-03,8.25
2023-07-04,
2023-07-05,8.25
2023-07-06,8.25
2023-07-07,8.25
2023-07-10,8.25
2023-07-11,8.25
2023-07-12,8.25
2023-07-13,8.25
2023-07-14,8.25
2023-07-17,8.25
2023-07-18,8.25
2023-07-19,8.25
2023-07-20,8.25
2023-07-21,8.25
2023-07-24,8.25
2023-07-25,8.25
2023-07-26,8.25
2023-07-27,8.50
2023-07-28,8.50
2023-07-31,8.50
2023-08-01,8.50
2023-08-02,8.50
2023-08-03,8.50
2023-08-04,8.50
2023-08-07,8.50
2023-08-08,8.50
2023-08-09,8.50
2023-08-10,8.50
2023-08-11,8.50
2023-08-14,8.50
2023-08-15,8.50
2023-08-16,8.50
2023-08-17,8.50
2023-08-18,8.50
2023-08-21,8.50
2023-08-22,8.50
2023-08-23,8.50
2023-08-24,8.50
2023-08-25,8.50
2023-08-28,8.50
2023-08-29,8.50
2023-08-30,8.50
2023-08-31,8.50
2023-09-01,8.50
2023-09-04,
2023-09-05,8.50
2023-09-06,8.50
2023-09-07,8.50
2023-09-08,8.50
2023-09-11,8.50
2023-09-12,8.50
2023-09-13,8.50
2023-09-14,8.50
2023-09-15,8.50
2023-09-18,8.50
2023-09-19,8.50
2023-09-20,8.50
2023-09-21,8.50
2023-09-22,8.50
2023-09-25,8.50
2023-09-26,8.50
2023-09-27,8.50
2023-09-28,8.50
2023-09-29,8.50
2023-10-02,8.50
2023-10-03,8.50
2023-10-04,8.50
2023-10-05,8.50
2023-10-06,8.50
2023-10-09,8.50
2023-10-10,8.50
2023-10-11,8.50
2023-10-12,8.50
2023-10-13,8.50
2023-10-16,8.50
2023-10-17,8.50
2023-10-18,8.50
2023-10-19,8.50
2023-10-20,8.50
2023-10-23,8.50
2023-10-24,8.50
2023-10-25,8.50
2023-10-26,8.50
2023-10-27,8.50
2023-10-30,8.50
2023-10-31,8.50
2023-11-01,8.50
2023-11-02,8.50
2023-11-03,8.50
2023-11-06,8.50
2023-11-07,8.50
2023-11-08,8.50
2023-11-09,8.50
2023-11-10,8.50
2023-11-13,8.50
2023-11-14,8.50
2023-11-15,8.50
2023-11-16,8.50
2023-11-17,8.50
2023-11-20,8.50
2023-11-21,8.50
2023-11-22,8.50
2023-11-23,8.50
2023-11-24,8.50
2023-11-27,8.50
2023-11-28,8.50
2023-11-29,8.50
2023-11-30,8.50
2023-12-01,8.50
2023-12-04,8.50
2023-12-05,8.50
2023-12-06,8.50
2023-12-07,8.50
2023-12-08,8.50
2023-12-11,8.50
2023-12-12,8.50
2023-12-13,8.50
2023-12-14,8.50
2023-12-15,8.50
2023-12-18,8.50
2023-12-19,8.50
2023-12-20,8.50
2023-12-21,8.50
2023-12-22,8.50
2023-12-25,8.50
2023-12-26,8.50
2023-12-27,8.50
2023-12-28,8.50
2023-12-29,8.50
2024-01-01,8.50
2024-01-02,8.50
2024-01-03,8.50
2024-01-04,8.50
2024-01-05,8.50
2024-01-08,8.50
2024-01-09,8.50
2024-01-10,8.50
2024-01-11,8.50
2024-01-12,8.50
2024-01-15,8.50
2024-01-16,8.50
2024-01-17,8.50
2024-01-18,8.50
2024-01-19,8.50
2024-01-22,8.50
2024-01-23,8.50
2024-01-24,8.50
2024-01-25,8.50
2024-01-26,8.50
2024-01-29,8.50
2024-01-30,8.50
2024-01-31,8.50
2024-02-01,8.50
2024-02-02,8.50
2024-02-05,8.50
2024-02-06,8.50
2024-02-07,8.50
2024-02-08,8.50
2024-02-09,8.50
2024-02-12,8.50
2024-02-13,8.50
2024-02-14,8.50
2024-02-15,8.50
2024-02-16,8.50
2024-02-19,8.50
2024-02-20,8.50
2024-02-21,8.50
2024-02-22,8.50
2024-02-23,8.50
2024-02-26,8.50
2024-02-27,8.50
2024-02-28,8.50
2024-02-29,8.50
2024-03-01,8.50
2024-03-04,8.50
2024-03-05,8.50
2024-03-06,8.50
2024-03-07,8.50
2024-03-08,8.50
2024-03-11,8.50
2024-03-12,8.50
2024-03-13,8.50
2024-03-14,8.50
2024-03-15,8.50
2024-03-18,8.50
2024-03-19,8.50
2024-03-20,8.50
2024-03-21,8.50
2024-03-22,8.50
2024-03-25,8.50
2024-03-26,8.50
2024-03-27,8.50
2024-03-28,8.50
2024-03-29,8.50
2024-04-01,8.50
2024-04-02,8.50
2024-04-03,8.50
2024-04-04,8.50
2024-04-05,8.50
2024-04-08,8.50
2024-04-09,8.50
2024-04-10,8.50
2024-04-11,8.50
2024-04-12,8.50
2024-04-15,8.50
2024-04-16,8.50
2024-04-17,8.50
2024-04-18,8.50
2024-04-19,8.50
2024-04-22,8.50
2024-04-23,8.50
2024-04-24,8.50
2024-04-25,8.50
2024-04-26,8.50
2024-04-29,8.50
2024-04-30,8.50
2024-05-01,8.50
2024-05-02,8.50
2024-05-03,8.50
2024-05-06,8.50
2024-05-07,8.50
2024-05-08,8.50
2024-05-09,8.50
2024-05-10,8.50
2024-05-13,8.50
2024-05-14,8.50
2024-05-15,8.50
2024-05-16,8.50
2024-05-17,8.50
2024-05-20,8.50
2024-05-21,8.50
2024-05-22,8.50
2024-05-23,8.50
2024-05-24,8.50
2024-05-27,8.50
2024-05-28,8.50
2024-05-29,8.50
2024-05-30,8.50
2024-05-31,8.50
2024-06-03,8.50
2024-06-04,8.50
2024-06-05,8.50
2024-06-06,8.50
2024-06-07,8.50
2024-06-10,8.50
2024-06-11,8.50
2024-06-12,8.50
2024-06-13,8.50
2024-06-14,8.50
2024-06-17,8.50
2024-06-18,8.50
2024-06-19,8.50
2024-06-20,8.50
2024-06-21,8.50
2024-06-24,8.50
2024-06-25,8.50
2024-06-26,8.50
2024-06-27,8.50
2024-06-28,8.50
2024-07-01,8.50
2024-07-02,8.50
2024-07-03,8.50
2024-07-04,
2024-07-05,8.50
2024-07-08,8.50
2024-07-09,8.50
2024-07-10,8.50
2024-07-11,8.50
2024-07-12,8.50
2024-07-15,8.50
2024-07-16,8.50
2024-07-17,8.50
2024-07-18,8.50
2024-07-19,8.50
2024-07-22,8.50
2024-07-23,8.50
2024-07-24,8.50
2024-07-25,8.50
2024-07-26,8.50
2024-07-29,8.50
2024-07-30,8.50
2024-07-31,8.50
2024-08-01,8.50
2024-08-02,8.50
2024-08-05,8.50
2024-08-06,8.50
2024-08-07,8.50
2024-08-08,8.50
2024-08-09,8.50
2024-08-12,8.50
2024-08-13,8.50
2024-08-14,8.50
2024-08-15,8.50
2024-08-16,8.50
2024-08-19,8.50
2024-08-20,8.50
2024-08-21,8.50
2024-08-22,8.50
2024-08-23,8.50
2024-08-26,8.50
2024-08-27,8.50
2024-08-28,8.50
2024-08-29,8.50
2024-08-30,8.50
2024-09-02,
2024-09-03,8.50
2024-09-04,8.50
2024-09-05,8.50
2024-09-06,8.50
2024-09-09,8.50
2024-09-10,8.50
2024-09-11,8.50
2024-09-12,8.50
2024-09-13,8.50
2024-09-16,8.50
2024-09-17,8.50
2024-09-18,8.50
2024-09-19,8.00
2024-09-20,8.00
2024-09-23,8.00
2024-09-24,8.00
2024-09-25,8.00
2024-09-26,8.00
2024-09-27,8.00
2024-09-30,8.00
2024-10-01,8.00
2024-10-02,8.00
2024-10-03,8.00
2024-10-04,8.00
2024-10-07,8.00
2024-10-08,8.00
2024-10-09,8.00
2024-10-10,8.00
2024-10-11,8.00
2024-10-14,8.00
2024-10-15,8.00
2024-10-16,8.00
2024-10-17,8.00
2024-10-18,8.00
2024-10-21,8.00
2024-10-22,8.00
2024-10-23,8.00
2024-10-24,8.00
2024-10-25,8.00
2024-10-28,8.00
2024-10-29,8.00
2024-10-30,8.00
2024-10-31,8.00
2024-11-01,8.00
2024-11-04,8.00
2024-11-05,8.00
2024-11-06,8.00
2024-11-07,8.00
2024-11-08,7.75
2024-11-11,7.75
2024-11-12,7.75
2024-11-13,7.75
2024-11-14,7.75
2024-11-15,7.75
2024-11-18,7.75
2024-11-19,7.75
2024-11-20,7.75
2024-11-21,7.75
2024-11-22,7.75
2024-11-25,7.75
2024-11-26,7.75
2024-11-27,7.75
2024-11-28,
2024-11-29,7.75
2024-12-02,7.75
2024-12-03,7.75
2024-12-04,7.75
2024-12-05,7.75
2024-12-06,7.75
2024-12-09,7.75
2024-12-10,7.75
2024-12-11,7.75
2024-12-12,7.75
2024-12-13,7.75
2024-12-16,7.75
2024-12-17,7.75
2024-12-18,7.75
2024-12-19,7.50
2024-12-20,7.50
2024-12-23,7.50
2024-12-24,7.50
2024-12-25,7.50
2024-12-26,7.50
2024-12-27,7.50
2024-12-30,7.50
2024-12-31,7.50
2025-01-01,7.50
2025-01-02,7.50
2025-01-03,7.50
2025-01-06,7.50
2025-01-07,7.50
2025-01-08,7.50
2025-01-09,7.50
2025-01-10,7.50
2025-01-13,7.50
2025-01-14,7.50
2025-01-15,7.50
2025-01-16,7.50
2025-01-17,7.50
2025-01-20,7.50
2025-01-21,7.50
2025-01-22,7.50
2025-01-23,7.50
2025-01-24,7.50
2025-01-27,7.50
2025-01-28,7.50
2025-01-29,7.50
2025-01-30,7.50
2025-01-31,7.50
2025-02-03,7.50
2025-02-04,7.50
2025-02-05,7.50
2025-02-06,7.50
2025-02-07,7.50
2025-02-10,7.50
2025-02-11,7.50
2025-02-12,7.50
2025-02-13,7.50
2025-02-14,7.50
2025-02-17,
2025-02-18,7.50
2025-02-19,7.50
2025-02-20,7.50
2025-02-21,7.50
2025-02-24,7.50
2025-02-25,7.50
2025-02-26,7.50
2025-02-27,7.50
2025-02-28,7.50
2025-03-03,7.50
2025-03-04,7.50
2025-03-05,7.50
2025-03-06,7.50
2025-03-07,7.50
2025-03-10,7.50
2025-03-11,7.50
2025-03-12,7.50
2025-03-13,7.50
2025-03-14,7.50
2025-03-17,7.50
2025-03-18,7.50
2025-03-19,7.50
2025-03-20,7.50
2025-03-21,7.50
2025-03-24,7.50
2025-03-25,7.50
2025-03-26,7.50
2025-03-27,7.50
2025-03-28,7.50
2025-03-31,7.50
2025-04-01,7.50
2025-04-02,7.50
2025-04-03,7.50
2025-04-04,7.50
2025-04-07,7.50
2025-04-08,7.50
2025-04-09,7.50
2025-04-10,7.50
2025-04-11,7.50
2025-04-14,7.50
2025-04-15,7.50
2025-04-16,7.50
2025-04-17,7.50
2025-04-18,7.50
2025-04-21,7.50
2025-04-22,7.50
2025-04-23,7.50
2025-04-24,7.50
2025-04-25,7.50
2025-04-28,7.50
2025-04-29,7.50
2025-04-30,7.50
2025-05-01,7.50
2025-05-02,7.50
2025-05-05,7.50
2025-05-06,7.50
2025-05-07,7.50
2025-05-08,7.50
2025-05-09,7.50
2025-05-12,7.50
2025-05-13,7.50
2025-05-14,7.50
2025-05-15,7.50
2025-05-16,7.50
2025-05-19,7.50
2025-05-20,7.50
2025-05-21,7.50
2025-05-22,7.50
2025-05-23,7.50
2025-05-26,
2025-05-27,7.50
2025-05-28,7.50
2025-05-29,7.50
2025-05-30,7.50
2025-06-02,7.50
2025-06-03,7.50
2025-06-04,7.50
2025-06-05,7.50
2025-06-06,7.50
2025-06-09,7.50
2025-06-10,7.50
2025-06-11,7.50
2025-06-12,7.50
2025-06-13,7.50
2025-06-16,7.50
2025-06-17,7.50
2025-06-18,7.50
2025-06-19,
2025-06-20,7.50
2025-06-23,7.50
2025-06-24,7.50
2025-06-25,7.50
2025-06-26,7.50
2025-06-27,7.50
2025-06-30,7.50
2025-07-01,7.50
2025-07-02,7.50
2025-07-03,7.50
2025-07-04,
2025-07-07,7.50
2025-07-08,7.50
2025-07-09,7.50
2025-07-10,7.50
2025-07-11,7.50
2025-07-14,7.50
2025-07-15,7.50
2025-07-16,7.50
2025-07-17,7.50
2025-07-18,7.50
2025-07-21,7.50
2025-07-22,7.50
2025-07-23,7.50
2025-07-24,7.50
2025-07-25,7.50
2025-07-28,7.50
2025-07-29,7.50
2025-07-30,7.50
2025-07-31,7.50
2025-08-01,7.50
2025-08-04,7.50
2025-08-05,7.50
2025-08-06,7.50
2025-08-07,7.50
2025-08-08,7.50
2025-08-11,7.50
2025-08-12,7.50
2025-08-13,7.50
2025-08-14,7.50
2025-08-15,7.50
2025-08-18,7.50
2025-08-19,7.50
2025-08-20,7.50
2025-08-21,7.50
2025-08-22,7.50
2025-08-25,7.50
2025-08-26,7.50
2025-08-27,7.50
2025-08-28,7.50
2025-08-29,7.50
2025-09-01,
2025-09-02,7.50
2025-09-03,7.50
2025-09-04,7.50
2025-09-05,7.50
2025-09-08,7.50
2025-09-09,7.50
2025-09-10,7.50
2025-09-11,7.50
2025-09-12,7.50
2025-09-15,7.50
2025-09-16,7.50
2025-09-17,7.25
2025-09-18,7.25
2025-09-19,7.25
2025-09-22,7.25
2025-09-23,7.25
2025-09-24,7.25
2025-09-25,7.25
2025-09-26,7.25
2025-09-29,7.25
2025-09-30,7.25
2025-10-01,7.25
2025-10-02,7.25
2025-10-03,7.25
2025-10-06,7.25
2025-10-07,7.25
2025-10-08,7.25
2025-10-09,7.25
2025-10-10,7.25
2025-10-13,7.25
2025-10-14,7.25
2025-10-15,7.25
2025-10-16,7.25
2025-10-17,7.25
2025-10-20,7.25
2025-10-21,7.25
2025-10-22,7.25
2025-10-23,7.25
2025-10-24,7.25
2025-10-27,7.25
2025-10-28,7.25
2025-10-29,7.25
2025-10-30,7.00
2025-10-31,7.00
2025-11-03,7.00
2025-11-04,7.00
2025-11-05,7.00
2025-11-06,7.00
2025-11-07,7.00
2025-11-10,7.00
2025-11-11,7.00
2025-11-12,7.00
2025-11-13,7.00
2025-11-14,7.00
2025-11-17,7.00
2025-11-18,7.00
2025-11-19,7.00
2025-11-20,7.00
2025-11-21,7.00
2025-11-24,7.00
2025-11-25,7.00
2025-11-26,7.00
2025-11-27,
2025-11-28,7.00
2025-12-01,7.00
2025-12-02,7.00
2025-12-03,7.00
2025-12-04,7.00
2025-12-05,7.00
2025-12-08,7.00
2025-12-09,7.00
2025-12-10,7.00
2025-12-11,6.75
2025-12-12,6.75
2025-12-15,6.75
2025-12-16,6.75
2025-12-17,6.75
2025-12-18,6.75
2025-12-19,6.75
2025-12-22,6.75
2025-12-23,6.75
2025-12-24,6.75
2025-12-25,6.75
2025-12-26,6.75
2025-12-29,6.75
2025-12-30,6.75
2025-12-31,6.75
2026-01-01,
2026-01-02,6.75
2026-01-05,6.75
2026-01-06,6.75
2026-01-07,6.75
2026-01-08,6.75
2026-01-09,6.75
2026-01-12,6.75
2026-01-13,6.75
2026-01-14,6.75
2026-01-15,6.75
2026-01-16,6.75
2026-01-19,6.75
2026-01-20,6.75
2026-01-21,6.75
2026-01-22,6.75
2026-01-23,6.75
2026-01-26,6.75
2026-01-27,6.75
2026-01-28,6.75
2026-01-29,6.75
2026-01-30,6.75
2026-02-02,6.75
2026-02-03,6.75
2026-02-04,6.75
2026-02-05,6.75
